旧路径,新路径,处理时间
/ipa,https://github.com/ipabuyer,2026年1月31日
/imageporter,https://github.com/BlazeSnow/ImagePorter,2025年12月10日
/FrpClientAndServer/Client,/DockerSeries/Frpc,2025年8月29日
/FrpClientAndServer/Server,/DockerSeries/Frps,2025年8月29日
/FrpClientAndServer/,/DockerSeries/Frp,2025年8月29日
/OneDriveHosts/Manual,/OneDriveHosts/,2025年7月26日
/OneDriveHosts/SwitchHosts,/OneDriveHosts/,2025年7月26日
/MinecraftServer,/DockerSeries/MinecraftServer,2025年2月5日
/VaultwardenServer,/DockerSeries/Vaultwarden,2025年2月2日
/TeamSpeakServer,/DockerSeries/TeamSpeak,2025年2月2日
/AdGuardHomeServer,/DockerSeries/AdGuardHome,2024年11月25日
/AlistServer,/DockerSeries/Alist,2024年11月24日
/SMBServer,/DockerSeries/SMB,2024年11月24日
/WebdavServer,/DockerSeries/Webdav,2024年11月24日
/SFTPServer,/DockerSeries/SFTP,2024年11月24日
/FTPServer,/DockerSeries/FTP,2024年11月24日
/更新日志,/CHANGELOG,2024年10月13日
/部署网站至服务器,/WebsiteToServer,2024年10月13日
/VitePress建站教程,/VitePress,2024年10月13日
/Docsify建站教程,/Docsify,2024年10月13日
/CMake相关,/CMake,2024年10月13日
/Git相关,/Git,2024年10月13日
/Docker相关,/Docker,2024年10月13日
/Nodejs相关,/Nodejs,2024年10月13日
/原生安卓,/Android,2024年10月13日
/Ubuntu相关,/Ubuntu,2024年10月13日
/DNS加密,/dns,2024年10月13日
/Windows相关,/Windows,2024年10月13日
